-- phpMyAdmin SQL Dump
-- version 5.2.3
-- https://www.phpmyadmin.net/
--
-- Host: localhost:3306
-- Generation Time: Mar 08, 2026 at 05:23 PM
-- Server version: 10.5.27-MariaDB-cll-lve
-- PHP Version: 8.4.17

SET SQL_MODE = "NO_AUTO_VALUE_ON_ZERO";
START TRANSACTION;
SET time_zone = "+00:00";


/*!40101 SET @OLD_CHARACTER_SET_CLIENT=@@CHARACTER_SET_CLIENT */;
/*!40101 SET @OLD_CHARACTER_SET_RESULTS=@@CHARACTER_SET_RESULTS */;
/*!40101 SET @OLD_COLLATION_CONNECTION=@@COLLATION_CONNECTION */;
/*!40101 SET NAMES utf8mb4 */;

--
-- Database: `erticaz112_algogeo`
--

-- --------------------------------------------------------

--
-- Table structure for table `admins`
--

CREATE TABLE `admins` (
  `id` int(11) NOT NULL,
  `username` varchar(100) NOT NULL,
  `password` varchar(255) NOT NULL,
  `full_name` varchar(200) NOT NULL,
  `created_at` timestamp NOT NULL DEFAULT current_timestamp()
) ENGINE=InnoDB DEFAULT CHARSET=utf8mb4 COLLATE=utf8mb4_unicode_ci;

--
-- Dumping data for table `admins`
--

INSERT INTO `admins` (`id`, `username`, `password`, `full_name`, `created_at`) VALUES
(1, 'haydary1986', '$2y$10$PM5mZtuus1zb7/vdmmB8M.Cs.bHM2PA.5FtXbSMQM7382hxlvhliS', 'Hayder', '2026-02-09 10:51:56'),
(2, 'mjamal', '$2y$12$s4eN.0tsFAg2w9nOx5JD0ObftzbL6wb8fMw21RnX/vNRhNcIfmxtq', 'Mohammed Jamal', '2026-02-09 10:51:56'),
(3, 'rana', '$2y$12$zp6tUrzMysohWNtcMXAHBet1H4cqi7kb5BSvvbYu8Blq2jI3ICUCa', 'Rana', '2026-02-09 10:51:56');

-- --------------------------------------------------------

--
-- Table structure for table `clients`
--

CREATE TABLE `clients` (
  `id` int(11) NOT NULL,
  `rep_id` int(11) NOT NULL,
  `company_name` varchar(300) NOT NULL,
  `contact_person` varchar(200) DEFAULT NULL,
  `phone` varchar(20) DEFAULT NULL,
  `email` varchar(200) DEFAULT NULL,
  `category_id` int(11) DEFAULT NULL,
  `company_type` varchar(200) DEFAULT NULL,
  `commercial_reg` varchar(100) DEFAULT NULL,
  `city` varchar(100) DEFAULT NULL,
  `address` text DEFAULT NULL,
  `latitude` decimal(10,8) DEFAULT NULL,
  `longitude` decimal(11,8) DEFAULT NULL,
  `location_address` text DEFAULT NULL,
  `interest_level` enum('pending','interested','not_interested','follow_up') DEFAULT 'pending',
  `admin_notes` text DEFAULT NULL,
  `rep_notes` text DEFAULT NULL,
  `created_at` timestamp NOT NULL DEFAULT current_timestamp()
) ENGINE=InnoDB DEFAULT CHARSET=utf8mb4 COLLATE=utf8mb4_unicode_ci;

--
-- Dumping data for table `clients`
--

INSERT INTO `clients` (`id`, `rep_id`, `company_name`, `contact_person`, `phone`, `email`, `category_id`, `company_type`, `commercial_reg`, `city`, `address`, `latitude`, `longitude`, `location_address`, `interest_level`, `admin_notes`, `rep_notes`, `created_at`) VALUES
(2, 1, 'اضواء برج ايفل', 'مقداد السامرائي', '٠٧٧١٤١١٦٦٣٠', 'haydary1986@gmail.com', NULL, 'مؤسسة فردية', '', 'Baghdad', 'baghdad al iskan', 33.31418237, 44.34688878, '54, شارع الفروسية, محلة 609, المنصور, ناحية المنصور, قضاء الکرخ, بغداد, بلدية المنصور, محافظة بغداد, 10013, العراق', 'pending', NULL, NULL, '2026-02-10 13:13:57'),
(3, 1, 'بناية تجارية', 'لايوجد اسم', '07755445515', '', NULL, 'مؤسسة فردية', '', '', '', 33.30461160, 44.35136289, '27, شارع بيروت, محلة 601, المنصور, ناحية المنصور, قضاء الکرخ, بغداد, بلدية المنصور, محافظة بغداد, 10016, العراق', 'pending', NULL, NULL, '2026-02-15 11:31:04'),
(4, 1, 'بناية تجارية', 'دكتور امين', '07711131333', '', NULL, 'مؤسسة فردية', '', '', 'المنصور شارع الاميرات مجاور مطعم مادلين', NULL, NULL, '', 'pending', NULL, NULL, '2026-02-15 11:32:07'),
(5, 1, 'بناية الكاردنز', 'ابو سيف( وكيل)', '‭٠٧٩٠ ٢٥٧ ٦٣٩٨‬', '', NULL, 'مؤسسة فردية', '', '', '', 33.30655618, 44.35132718, '8, شارع الأميرات, محلة 601, المنصور, ناحية المنصور, قضاء الکرخ, بغداد, بلدية المنصور, محافظة بغداد, 10013, العراق', 'pending', NULL, NULL, '2026-02-15 11:55:05'),
(6, 1, 'بناية الاميرات', 'محمد', '‭٠٧٧١ ٣٥٩ ٧١١٣‬', '', NULL, 'مؤسسة فردية', '', '', '', 33.30687803, 44.35139387, '8, شارع الأميرات, محلة 601, المنصور, ناحية المنصور, قضاء الکرخ, بغداد, بلدية المنصور, محافظة بغداد, 10013, العراق', 'pending', NULL, NULL, '2026-02-15 11:55:47'),
(7, 1, 'مجمع درة السيدية', 'مهندس علي', '07838355322', '', NULL, 'مؤسسة فردية', '', '', '', 33.24481977, 44.36353701, '823-41, محلة 823, بلدية الرشيد, ناحية المأمون, قضاء الکرخ, بغداد, محافظة بغداد, 10041, العراق', 'pending', NULL, NULL, '2026-02-16 11:12:57'),
(8, 1, 'بناية ركن السيدية', 'ليث ( ابومحمد ) ( وكيل البناية)', '07817461125 ( علي حا', '', NULL, 'مؤسسة فردية', '', '', '', 33.26462934, 44.35210218, 'شارع التعاون العربي, محلة 829, بلدية الرشيد, ناحية المأمون, قضاء الکرخ, بغداد, محافظة بغداد, 10041, العراق', 'pending', NULL, NULL, '2026-02-23 12:19:00'),
(9, 1, 'بناية سما بلادي', 'ابو علي ( صاحب البناية )', '07706066522', '', NULL, 'مؤسسة فردية', '', '', '', 33.26383031, 44.35234954, 'شارع التعاون العربي, محلة 829, بلدية الرشيد, ناحية المأمون, قضاء الکرخ, بغداد, محافظة بغداد, 10041, العراق', 'pending', NULL, NULL, '2026-02-23 12:41:03'),
(10, 1, 'مجمع النوى', 'مصطفى ( وكيل البناية )', '+964 776 032 1694', '', NULL, 'مؤسسة فردية', '', '', '', 33.26271584, 44.35273859, 'شارع التعاون العربي, محلة 829, بلدية الرشيد, ناحية المأمون, قضاء الکرخ, بغداد, محافظة بغداد, 10041, العراق', 'pending', NULL, NULL, '2026-02-23 12:57:28'),
(11, 1, 'عمارة عيون بغداد', 'رفض يعطي معلومات الاسم', '07736302776', '', NULL, 'مؤسسة فردية', '', '', '', 33.26085420, 44.35337340, 'شارع التعاون العربي, محلة 829, بلدية الرشيد, ناحية المأمون, قضاء الکرخ, بغداد, محافظة بغداد, 10041, العراق', 'pending', NULL, NULL, '2026-02-23 13:08:35'),
(12, 1, 'عمارة سما الجوراني', 'مصطفى ( وكيل العمارة)', '07711777678', '', NULL, 'مؤسسة فردية', '', 'بغداد', 'السيدية الشارع التجاري', 33.25236813, 44.35742262, 'شارع التعاون العربي, محلة 829, بلدية الرشيد, ناحية المأمون, قضاء الکرخ, بغداد, محافظة بغداد, 10041, العراق', 'pending', NULL, NULL, '2026-02-23 13:22:21'),
(13, 1, 'عمارة العزاوي', 'مهندس محمد ابوعبدلله ( وكيل العمارة)', '07904585872', '', NULL, 'مؤسسة فردية', '', '', 'الدورة جمعية خير الله', 33.25610091, 44.42462029, '', 'pending', NULL, NULL, '2026-02-24 10:56:06'),
(14, 1, 'عمارة الشاهين', 'مصطفى ( وكيل البناية)', '+964 780 778 8967', '', NULL, 'مؤسسة فردية', '', '', 'الدورة جمعية خير الله', 33.25946858, 44.42082780, 'شارع خير الله طلفاح, محلة 842, حي الخورنق, ناحية المأمون, قضاء الکرخ, بغداد, محافظة بغداد, 10022, العراق', 'pending', NULL, NULL, '2026-02-24 11:08:01'),
(15, 1, 'عمارة ابو طيارة', 'مهندس احمد( صاحب العمارة)', '‭٠٧٧١ ٩٥٥ ٨٥٥٥‬', '', NULL, 'مؤسسة فردية', '', '', '', 33.25786194, 44.40765173, '', 'pending', NULL, NULL, '2026-02-24 11:40:48'),
(16, 1, 'عمارة ابي الحاج', 'حجي ابو احمد( مالك البناية)', '07735747264', '', NULL, 'مؤسسة فردية', '', '', 'الدورة شارع ابوطيارة', 33.25369725, 44.40901560, 'شارع ابو طيارة, محلة 838, حي الخورنق, ناحية المأمون, قضاء الکرخ, بغداد, محافظة بغداد, 10022, العراق', 'pending', NULL, NULL, '2026-02-24 12:03:16'),
(17, 1, 'عمارة التفاحة', 'اوس ( وكيل البناية)', '‭٠٧٧٠ ٧٩٩ ٩٤٠٦‬', '', NULL, 'مؤسسة فردية', '', '', 'المنصور شارع ١٤ رمضان مجاور حلويات العسل', 33.31917902, 44.33782428, 'T mobile صيانة هواتف نقالة, شارع 14 رمضان, محلة 611, حي الاندلس, ناحية المنصور, قضاء الکرخ, بغداد, بلدية المنصور, محافظة بغداد, 10013, العراق', 'pending', NULL, NULL, '2026-02-24 13:37:04'),
(18, 3, 'asjlkbhdjashd', 'asdas', '07709112233', 'kjashdjka@sjkadh.com', NULL, 'شركة تضامنية', 'asdasd', 'asd', 'asd', 33.31396895, 44.34687891, '54, شارع الفروسية, محلة 609, المنصور, ناحية المنصور, قضاء الکرخ, بغداد, بلدية المنصور, محافظة بغداد, 10013, العراق', 'pending', NULL, NULL, '2026-02-25 19:43:58'),
(19, 1, 'شركة اضواء برج ايفل', 'مهند', '‭٠٧٧١ ١١٠ ٣٨٢٧‬', '', NULL, 'مؤسسة فردية', '', '', 'كمب سارة مجمع سيد مأمول', 33.29615442, 44.45271853, '908-57, محلة 908, حي الرياض, ناحية الكرادة, قضاء الرصافة, بغداد, بلدية الكرادة, قضاء الزوراء, محافظة بغداد, 10068, العراق', 'pending', NULL, NULL, '2026-02-26 11:37:22'),
(20, 1, 'بناية بلاتينيوم', 'ابوايمن( وكيل البناية)', '07807745972', '', NULL, 'مؤسسة فردية', '', '', 'العامرية (شارع المنظمة مقابيل اسواق الجزيرة)', 33.30472905, 44.29582196, 'شارع المنظمة, محلة 630, العامرية, ناحية المنصور, قضاء الکرخ, بغداد, بلدية المنصور, محافظة بغداد, 10012, العراق', 'pending', NULL, NULL, '2026-02-27 12:12:48'),
(21, 1, 'بناية البيان', 'ابوذوالفقار (موظف في الشركة)', '‭٠٧٧٠ ٤٥٩ ٨٨٧٧‬', '', NULL, 'مؤسسة فردية', '', '', 'المنصور شارع ١٤ رمضان قرب مطعم رويال كلاكسي', 33.30612379, 44.34064585, '12, شارع 14 رمضان, محلة 611, حي الاندلس, ناحية المنصور, قضاء الکرخ, بغداد, بلدية المنصور, محافظة بغداد, 10013, العراق', 'pending', NULL, NULL, '2026-02-28 10:53:08'),
(22, 1, 'بناية الزيتون', 'محمد ( ابن اخو صاحب البناية (وكيل البناية)', '‭٠٧٧٤ ٤٤٩ ٣٢٥٥‬', '', NULL, 'مؤسسة فردية', '', '', 'الحارثية شارع الكندي مجاور مستشفى الكفاءات', 33.30461740, 44.36738236, 'مطعم البارون, 213-27, محلة 213, الكندي, ناحية مرکز قضاء الکرخ, قضاء الکرخ, بغداد, بلدية الكرخ, محافظة بغداد, 10092, العراق', 'pending', NULL, NULL, '2026-02-28 11:25:04'),
(23, 1, 'بناية بوابة الكندي', 'رفض يعطي الاسم', '‭٠٧٧٠ ١٠٨ ٠٩٢٣‬', '', NULL, 'مؤسسة فردية', '', '', 'الحارثية شارع الكندي مقابيل مطعم علي باريس', 33.30164110, 44.36797873, '213-1, محلة 213, الكندي, ناحية مرکز قضاء الکرخ, قضاء الکرخ, بغداد, بلدية الكرخ, محافظة بغداد, 10092, العراق', 'pending', NULL, NULL, '2026-02-28 11:44:29'),
(24, 1, 'بناية البزاز', 'يوسف ( استعلامات البناية)', '‭٠٧٧٥ ٧٨٨ ٨٦٨٠‬', '', NULL, 'مؤسسة فردية', '', '', 'الحارثية شارع الكندي مقابل مستشفى البلاد', 33.30167344, 44.36787453, '213-1, محلة 213, الكندي, ناحية مرکز قضاء الکرخ, قضاء الکرخ, بغداد, بلدية الكرخ, محافظة بغداد, 10092, العراق', 'pending', NULL, NULL, '2026-02-28 11:55:18'),
(25, 1, 'بناية الدرة', 'سيد حسين ( صاحب البناية)', '07834066619', '', NULL, 'مؤسسة فردية', '', '', 'الحارثية شارع الكندي مقابل مستشفى الاميرات', 33.30280992, 44.36740162, 'شارع الكندي, محلة 211, الكندي, ناحية مرکز قضاء الکرخ, قضاء الکرخ, بغداد, بلدية الكرخ, محافظة بغداد, 10092, العراق', 'pending', NULL, NULL, '2026-02-28 12:22:42'),
(26, 1, 'بناية بدون اسم قريبا يتم تسميتها', 'غزوان ( وكيل البناية)', '+964 774 815 6860', '', NULL, 'مؤسسة فردية', '', '', 'الحارثية بين الفروع مقابيل مكوى الحارثية', 33.30481976, 44.36814541, '213-27, محلة 213, الكندي, ناحية مرکز قضاء الکرخ, قضاء الکرخ, بغداد, بلدية الكرخ, محافظة بغداد, 10092, العراق', 'pending', NULL, NULL, '2026-02-28 13:01:59'),
(27, 1, 'بناية المسك', 'غير موجود صاحب البناية او الوكيل  الموعد غدا ساعة ٤ العصر', 'لايقبل احد اعطاء الر', '', NULL, 'مؤسسة فردية', '', '', 'الحارثية شارع الكندي مجاور مطعم مون لايت', 33.30924512, 44.36591238, '211-9, محلة 211, الكندي, ناحية مرکز قضاء الکرخ, قضاء الکرخ, بغداد, بلدية الكرخ, محافظة بغداد, 10092, العراق', 'pending', NULL, NULL, '2026-02-28 14:06:29'),
(28, 1, 'بناية التاج', 'ابو صالح ( وكيل البناية)', '‭٠٧٧٨ ٣٣٨ ٩٧٥١‬', '', NULL, 'مؤسسة فردية', '', '', 'الحارثية شارع الكندي مجاور مجمع بوابة المستقبل', 33.30895722, 44.36607966, 'شارع الكندي, محلة 211, الكندي, ناحية مرکز قضاء الکرخ, قضاء الکرخ, بغداد, بلدية الكرخ, محافظة بغداد, 10092, العراق', 'pending', NULL, NULL, '2026-02-28 14:12:45'),
(29, 1, 'بناية شام سنتر', 'صلاح المحامي (وكيل البناية)', '+964 770 439 2689', '', NULL, 'مؤسسة فردية', '', '', 'القادسية شارع الخدمي باتجاه ساحة قحطان', 33.28829623, 44.34770749, 'شارع الجنوب, محلة 606, القادسية, ناحية المنصور, قضاء الکرخ, بغداد, بلدية المنصور, محافظة بغداد, 11016, العراق', 'pending', NULL, NULL, '2026-03-01 10:41:22'),
(30, 1, 'بناية بزنز سنتر', 'مهندس عثمان (وكيل البناية)', '‭٠٧٧٢ ٢٩٥ ٥٧٧٧‬', '', NULL, 'مؤسسة فردية', '', '', 'القادسية شارع الخدمي باتجاه ساحة قحطان', 33.28794366, 44.34785915, 'دانية, شارع 13, محلة 606, القادسية, ناحية المنصور, قضاء الکرخ, بغداد, بلدية المنصور, محافظة بغداد, 11016, العراق', 'pending', NULL, NULL, '2026-03-01 10:48:31'),
(31, 1, 'بناية المسرة', 'ابراهيم (حارس البناية) سيتم التواصل معي من قبل صاحب البناية', '+964 776 881 5260', '', NULL, 'مؤسسة فردية', '', '', 'القادسية شارع الخدمي مجاور سكة القطار', 33.28902771, 44.34925060, 'القادسية لكماليات وشاسات السيارات, 07715170474, 606-15, محلة 606, القادسية, ناحية المنصور, قضاء الکرخ, بغداد, بلدية المنصور, محافظة بغداد, 10016, العراق', 'pending', NULL, NULL, '2026-03-01 10:58:41'),
(32, 1, 'بناية رهف وريام', 'احمد (وكيل البناية)', '‭٠٧٧٦ ٥٤١ ١٠٩٩‬', '', NULL, 'مؤسسة فردية', '', '', 'القادسية شارع الخدمي باتجاه ساحة قحطان قرب ساحة قحطان', 33.29047542, 44.34895367, 'شارع الجنوب, محلة 606, القادسية, ناحية المنصور, قضاء الکرخ, بغداد, بلدية المنصور, محافظة بغداد, 11016, العراق', 'pending', NULL, NULL, '2026-03-01 11:16:26'),
(33, 1, 'بناية الجبوري', 'محمد ابو صيرفة ووكيل البناية', '‭٠٧٧٤ ٤٩٩ ٤٤٤٤‬', '', NULL, 'مؤسسة فردية', '', '', 'القادسية مدخل شارع جامع بلال الحبشي مجاور نورس كافيه', 33.29121326, 44.35372133, 'شارع 11, محلة 602, القادسية, ناحية المنصور, قضاء الکرخ, بغداد, بلدية المنصور, محافظة بغداد, 10016, العراق', 'pending', NULL, NULL, '2026-03-01 11:31:49'),
(34, 1, 'عمارة القادسية', 'ابو سيف ( وكيل البناية)', '‭٠٧٧٠ ١٧٩ ٧٦٥٧‬', '', NULL, 'مؤسسة فردية', '', '', 'القادسية شارع جامع بلال الحبشي تقريبا مقابل اسواق اهالي القادسية', 33.29115631, 44.35323419, 'البخيت, شارع 11, محلة 602, القادسية, ناحية المنصور, قضاء الکرخ, بغداد, بلدية المنصور, محافظة بغداد, 10016, العراق', 'pending', NULL, NULL, '2026-03-01 11:42:01'),
(35, 1, 'عمارة الجوهرة', 'نسيبة (وكيلة العمارة)', '‭٠٧٧٠ ٩٢٣ ٠٥٣٦‬', '', NULL, 'مؤسسة فردية', '', '', 'القادسية مدخل شارع جامع بلال الحبشي مقابل قصور القادسية للعقار', 33.29141162, 44.35126815, 'شارع 11, محلة 602, القادسية, ناحية المنصور, قضاء الکرخ, بغداد, بلدية المنصور, محافظة بغداد, 10016, العراق', 'pending', NULL, NULL, '2026-03-01 12:14:58'),
(36, 1, 'عمارة القادسية', 'ابو علي ( صاحب البناية)', '‭٠٧٩٠ ٤٦٤ ٩١١٨‬', '', NULL, 'مؤسسة فردية', '', '', 'القادسية مجاور مطعم فاير فلاي قرب ساحة قحطان', 33.29150657, 44.35102229, 'شارع 11, محلة 602, القادسية, ناحية المنصور, قضاء الکرخ, بغداد, بلدية المنصور, محافظة بغداد, 10016, العراق', 'pending', NULL, NULL, '2026-03-01 12:22:32'),
(37, 1, 'عمارة بدون اسم', 'حسن (وكيل البناية)', '+964 771 567 1122', '', NULL, 'مؤسسة فردية', '', '', 'اليرموك فرع نادي اليرموك قرب نادي اليرموك مجاور كيان', 33.30084802, 44.34201186, 'شارع النادي الترفيهي, محلة 610, اليرموك, ناحية المنصور, قضاء الکرخ, بغداد, بلدية المنصور, محافظة بغداد, 15035, العراق', 'pending', NULL, NULL, '2026-03-01 12:55:14'),
(38, 1, 'عمارة بدون اسم (قيد التشطيب)', 'اسامة ( صاحب البناية)', '+964 790 138 5956', '', NULL, 'مؤسسة فردية', '', '', 'اليرموك مقابل سيد الحليب بالنزلة', 33.30342814, 44.34237314, 'شارع النادي الترفيهي, محلة 608, اليرموك, ناحية المنصور, قضاء الکرخ, بغداد, بلدية المنصور, محافظة بغداد, 15035, العراق', 'pending', NULL, NULL, '2026-03-01 13:07:29'),
(39, 1, 'مكتب عقار حجي ابو عبدالرحمن', 'ابو عبدالرحمن شركة عقار', 'بناية داوودي ٢', '', NULL, 'مؤسسة فردية', '', '', 'الداوودي شارع التانكي مجاور مدرسة اللباب (مهتم جدا)', 33.30700674, 44.33584836, '4, شارع التانكي, محلة 611, حي الاندلس, ناحية المنصور, قضاء الکرخ, بغداد, بلدية المنصور, محافظة بغداد, 10013, العراق', 'pending', NULL, NULL, '2026-03-02 11:24:32'),
(40, 1, 'مكتب الوفاء للعقار', 'عبد العزيز صاحب المكتب', '+964 788 515 1441', '', NULL, 'مؤسسة فردية', '', '', 'الداوودي شارع التانكي مجاور ازياء سينور', 33.30834028, 44.33598756, '13, شارع التانكي, محلة 611, حي الاندلس, ناحية المنصور, قضاء الکرخ, بغداد, بلدية المنصور, محافظة بغداد, 10013, العراق', 'pending', NULL, NULL, '2026-03-02 11:31:53'),
(41, 1, 'بناية الداودي', 'ابو احمد ( شريك البناية)', '‭٠٧٧٠ ٤٧٧ ١٣٣٢‬', '', NULL, 'مؤسسة فردية', '', '', 'الداودي شارع التانكي مقابل اصباغ همبل', 33.31035635, 44.33612453, '14, 611-13, محلة 611, حي الاندلس, ناحية المنصور, قضاء الکرخ, بغداد, بلدية المنصور, محافظة بغداد, 10013, العراق', 'pending', NULL, NULL, '2026-03-02 11:41:23'),
(42, 1, 'بناية الداوودي ( بدون اسم)', 'سعد ابو علي ( صاحب البناية)', '‭٠٧٧١ ١١٢ ١١٧٥‬', '', NULL, 'مؤسسة فردية', '', '', 'الداودي شارع التانكي مقابيل جيران سنتر', 33.31597279, 44.33621623, '50, شارع التانكي, محلة 611, حي الاندلس, ناحية المنصور, قضاء الکرخ, بغداد, بلدية المنصور, محافظة بغداد, 10013, العراق', 'pending', NULL, NULL, '2026-03-02 11:52:51'),
(43, 1, 'بناية دلعين', 'ابو غزل ( صاحب البناية)', '+964 772 257 3908', '', NULL, 'مؤسسة فردية', '', '', 'الداودي مقابل مطعم هور مجاور ايكور ماركت', 33.31855889, 44.33103596, '163, شارع 15, محلة 613, حي الاندلس, ناحية المنصور, قضاء الکرخ, بغداد, بلدية المنصور, محافظة بغداد, 10035, العراق', 'pending', NULL, NULL, '2026-03-02 12:12:10'),
(44, 1, 'بناية بدون اسم', 'مصطفى الكبيسي ابو رفعت (صاحب البناية ) يريد اجتماع بعد رمضان', '‭٠٧٧٢ ٢٢٨ ٨٨٨٢‬', '', NULL, 'مؤسسة فردية', '', '', 'المنصور فرع مطعم هيل وزعفران مقابل صيدلية نهلة هدو', 33.32121420, 44.33746860, '8, 613-4, محلة 613, حي الاندلس, ناحية المنصور, قضاء الکرخ, بغداد, بلدية المنصور, محافظة بغداد, 10035, العراق', 'pending', NULL, NULL, '2026-03-02 12:30:23'),
(45, 1, 'بناية الدولي', 'عماد ( حارس البناية) سيتم التواصل معي من قبل صاحب اليناية', '‭٠٧٨١ ٦٣١ ٧٨٢٤‬', '', NULL, 'مؤسسة فردية', '', '', 'المنصور شارع ١٤ رمضان مقابل مطعم هيل وزعفران', 33.32135886, 44.33824897, '144, شارع 14 رمضان, محلة 613, حي الاندلس, ناحية المنصور, قضاء الکرخ, بغداد, بلدية المنصور, محافظة بغداد, 10013, العراق', 'pending', NULL, NULL, '2026-03-02 12:44:44'),
(46, 1, 'بناية المنصور', 'دكتور مصطفى (صاحب البناية)', '+964 788 800 1290', '', NULL, 'مؤسسة فردية', '', '', 'المنصور ١٤ رمضان مجاور مطعم العطشان', 33.32237510, 44.33846792, 'شارع 14 رمضان, محلة 607, حي المتنبي, ناحية المنصور, قضاء الکرخ, بغداد, بلدية المنصور, محافظة بغداد, 10013, العراق', 'pending', NULL, NULL, '2026-03-02 13:20:35'),
(47, 1, 'بناية الحارثية', 'حمد ( وكيل البناية)', '‭٠٧٩٠ ٤٢٤ ٣٧٨٠‬', '', NULL, 'مؤسسة فردية', '', '', 'الحارثية مجاور مول بغداد', 33.31124531, 44.36521758, '211-3, محلة 211, الكندي, ناحية مرکز قضاء الکرخ, قضاء الکرخ, بغداد, بلدية الكرخ, محافظة بغداد, 10092, العراق', 'pending', NULL, NULL, '2026-03-04 11:21:58'),
(48, 1, 'عمارة الزهور', 'جواد ابو علي ( مسؤول البناية)', '‭٠٧٨٠ ٦١٥ ٣٠٤٤‬', '', NULL, 'مؤسسة فردية', '', '', 'الحارثية فرع مول بغداد', 33.31115180, 44.36404155, '', 'pending', NULL, NULL, '2026-03-04 11:35:20'),
(49, 1, 'بناية الصفوه', 'احمد ( مسؤول البناية)', '‭٠٧٨٠ ٦١٥ ٣٠٤٤‬', '', NULL, 'مؤسسة فردية', '', '', 'الحارثية شارع مول بغداد', 33.31118256, 44.36386482, 'Cup way café, شارع دمشق, محلة 211, الكندي, ناحية مرکز قضاء الکرخ, قضاء الکرخ, بغداد, بلدية الكرخ, محافظة بغداد, 10092, العراق', 'pending', NULL, NULL, '2026-03-04 11:39:22'),
(50, 1, 'مجمع الحارثية الطبي', 'محمد استعلامات البناية', '‭٠٧٨١ ٣٠٢ ٩٧٣٣‬', '', NULL, 'مؤسسة فردية', '', '', 'الحارثية فرع مول بغداد  مجاور مستشفى الحارثية', 33.31119075, 44.36470664, 'شارع دمشق, محلة 205, حي الجنيد, ناحية مرکز قضاء الکرخ, قضاء الکرخ, بغداد, بلدية الكرخ, محافظة بغداد, 10092, العراق', 'pending', NULL, NULL, '2026-03-04 11:51:14'),
(51, 1, 'بناية در النجم', 'لينو حارس البناية وتم التواصل هاتفيا مع صاحب البناية', '‭٠٧٧١ ٥١٥ ٠٠٧٠‬', '', NULL, 'مؤسسة فردية', '', '', 'الحارثية مقابل مول بغداد ومقابل مطعم رويال كالاكسي', 33.31144523, 44.36551805, 'شارع الكندي, محلة 211, الكندي, ناحية مرکز قضاء الکرخ, قضاء الکرخ, بغداد, بلدية الكرخ, محافظة بغداد, 10092, العراق', 'pending', NULL, NULL, '2026-03-04 12:03:17'),
(52, 1, 'عمارة ظافر', 'ابو امجد ( وكيل البناية)', '‭٠٧٨١ ٢٣٨ ٦٨٤٦‬', '', NULL, 'مؤسسة فردية', '', '', 'الحارثية الفرع المقابل لمول بغداد قرب مستشفى الزيتون', 33.31151443, 44.36609263, '213-11, محلة 213, الكندي, ناحية مرکز قضاء الکرخ, قضاء الکرخ, بغداد, بلدية الكرخ, محافظة بغداد, 10092, العراق', 'pending', NULL, NULL, '2026-03-04 12:12:13'),
(53, 1, 'عمارة النجم', 'ابو ليث (وكيل البناية)', '‭٠٧٩٠ ٢٤٣ ٨٦٦٧‬', '', NULL, 'مؤسسة فردية', '', '', 'الحارثية مجاور مستشفى الزيتون', 33.31142023, 44.36626218, '213-11, محلة 213, الكندي, ناحية مرکز قضاء الکرخ, قضاء الکرخ, بغداد, بلدية الكرخ, محافظة بغداد, 10092, العراق', 'pending', NULL, NULL, '2026-03-04 12:22:28'),
(54, 1, 'عمارة الرازي', 'ابويوسف (صاحب البناية)', '+964 771 929 9921', '', NULL, 'مؤسسة فردية', '', '', 'الحارثية فرع مستشفى الزيتون مقابل مستشفى الزيتون', 33.31142499, 44.36662389, '213-11, محلة 213, الكندي, ناحية مرکز قضاء الکرخ, قضاء الکرخ, بغداد, بلدية الكرخ, محافظة بغداد, 10092, العراق', 'pending', NULL, NULL, '2026-03-04 12:29:31'),
(55, 1, 'بناية حيدر', 'حيدر( صاحب البناية)', '+964 770 252 1234', '', NULL, 'مؤسسة فردية', '', '', 'الحارثية شارع الكندي (مقابل فلافل لبنان)', 33.31078133, 44.36568932, 'قاعة اليسر للتدريب الطبي, 2, شارع الكندي, محلة 211, الكندي, ناحية مرکز قضاء الکرخ, قضاء الکرخ, بغداد, بلدية الكرخ, محافظة بغداد, 10092, العراق', 'pending', NULL, NULL, '2026-03-04 13:03:26'),
(56, 1, 'بناية حمود', 'ابو محمد (وكيل بناية)', '‭٠٧٧٣ ٥١٨ ٠٣٠٠‬', '', NULL, 'مؤسسة فردية', '', '', 'الحارثية شارع الكندي مقابل فلافل لبنان مجاور مطعم عارف', 33.31046282, 44.36569111, 'قاعة اليسر للتدريب الطبي, 2, شارع الكندي, محلة 211, الكندي, ناحية مرکز قضاء الکرخ, قضاء الکرخ, بغداد, بلدية الكرخ, محافظة بغداد, 10092, العراق', 'pending', NULL, NULL, '2026-03-04 13:08:44'),
(57, 1, 'بناية بدون اسم', 'بشار ابو وائل (صاحب البناية) (مهتم)', '‭٠٧٩٠ ٤١٥ ٤١٧٩‬', '', NULL, 'مؤسسة فردية', '', '', 'الكرادة مجاور مصرف نور العراق الاسلامي قرب ساحة كهرمانة مقابل شركة mg', 33.31006740, 44.42598047, 'شارع 12, محلة 903, الكرادة, ناحية الكرادة, قضاء الرصافة, بغداد, بلدية الكرادة, محافظة بغداد, 11101, العراق', 'pending', NULL, NULL, '2026-03-05 10:27:25'),
(58, 1, 'بناية بدون اسم', 'ابو محمد ( صاحب البناية) غير مهتم', '‭٠٧٧٧ ٣٢٥ ٨٨٨٩‬', '', NULL, 'مؤسسة فردية', '', '', 'الكرادة قرب ساحة كهرمانة مقابل شركة الميار للصرافة', 33.31062854, 44.42491591, '', 'pending', NULL, NULL, '2026-03-05 10:33:24'),
(59, 1, 'بناية حجي وليد الشمري', 'حجي وليد (صاحب البناية) مهتم', '‭٠٧٩٠ ١٢٨ ٩٩٧٩‬', '', NULL, 'مؤسسة فردية', '', '', 'كرادة داخل قرب مستشفى الراهبات مقابل صيدلية هنودي', 33.30794931, 44.42369309, '', 'pending', NULL, NULL, '2026-03-05 10:49:46'),
(60, 1, 'عمارة بوابة عشتار', 'ابو يوسف( وكيل العمارة) غير مهتم', '‭٠٧٧٣ ٢٤٤ ٨٦٠١‬', '', NULL, 'مؤسسة فردية', '', '', 'كرادة داخل مجاور مطعم اورجنال چكن', 33.30593741, 44.42369012, '', 'pending', NULL, NULL, '2026-03-05 11:31:39'),
(61, 1, 'بناية البركة', 'ابو نور ( وكيل البناية) غير مهتم', '+964 790 258 7042', '', NULL, 'مؤسسة فردية', '', '', 'كرادة داخل مقابل بن رضا علوان', 33.30489033, 44.42368986, 'شارع كرادة داخل, محلة 903, الكرادة, ناحية الكرادة, قضاء الرصافة, بغداد, بلدية الكرادة, محافظة بغداد, 38900, العراق', 'pending', NULL, NULL, '2026-03-05 11:56:45'),
(62, 1, 'بناية ابراج المعماريون', 'ادارة البناية', '+964 771 577 7577', '', NULL, 'مؤسسة فردية', '', '', 'شارع ابو نؤاس', 33.30150559, 44.41939431, '', 'pending', NULL, NULL, '2026-03-07 08:42:08'),
(63, 1, 'بناية السلام', 'ابو سجاد ( صاحب البناية) مهتم', '+964 784 040 0072', '', NULL, 'مؤسسة فردية', '', '', 'كرادة داخل قرب تقاطع كبة البغدادي', 33.29916134, 44.42054846, '', 'pending', NULL, NULL, '2026-03-07 09:29:08'),
(64, 1, 'بناية الفرح', 'رفض اعطاء الاسم', '‭٠٧٩٠ ١١٧ ٩٧٤٦‬', '', NULL, 'مؤسسة فردية', '', '', 'خدمي نفق الشرطة مقابل كوارتز للتجارة العامة', 33.30769975, 44.31971504, '', 'pending', NULL, NULL, '2026-03-07 10:21:40'),
(65, 1, 'بناية زين العابدين', 'ستار ( حارس البناية)', '‭٠٧٨٢ ٨٤١ ٥٨٩٤‬', '', NULL, 'مؤسسة فردية', '', '', 'خدمي نفق الشرطة مقابل شركة وفاء الرافدين للصحيات', 33.30751754, 44.32043463, 'محلة 620, حي حطين, ناحية المنصور, قضاء الکرخ, بغداد, بلدية المنصور, محافظة بغداد, 10035, العراق', 'pending', NULL, NULL, '2026-03-07 10:32:14'),
(66, 1, 'بناية الوارث', 'ابو فراس (صاحب البناية)', '+964 790 132 6580', '', NULL, 'مؤسسة فردية', '', '', 'خدمي نفق الشرطة مقابل ستايل للابواب', 33.30744530, 44.32051422, 'محلة 620, حي حطين, ناحية المنصور, قضاء الکرخ, بغداد, بلدية المنصور, محافظة بغداد, 10035, العراق', 'pending', NULL, NULL, '2026-03-07 10:36:26'),
(67, 1, 'بناية الرازي', 'لايوجد .. تم التواصل مع مختبر داخل البناية واعطاء الكارت الخاص بشركتنا وطلبت منهم التواصل معي ايضا من قبل الوكيل (الوكيل ياتي بعد الفطور)', '07810108374 رقم حارس', '', NULL, 'مؤسسة فردية', '', '', 'خدمي نفق الشرطة مقابل ستايل للابواب', 33.30730594, 44.32100932, 'محلة 620, حي حطين, ناحية المنصور, قضاء الکرخ, بغداد, بلدية المنصور, محافظة بغداد, 10035, العراق', 'pending', NULL, NULL, '2026-03-07 10:44:47'),
(68, 1, 'عمارة حجي لبيب', 'حجي لبيب', 'لايوجد تم التواصل مع', '', NULL, 'مؤسسة فردية', '', '', 'خدمي نفق الشرطة مقابل بركس للابواب', 33.30736422, 44.32101542, 'محلة 620, حي حطين, ناحية المنصور, قضاء الکرخ, بغداد, بلدية المنصور, محافظة بغداد, 10035, العراق', 'pending', NULL, NULL, '2026-03-07 10:51:35'),
(69, 1, 'بناية الهناء', 'تم التواصل مع صيدلية جوهرة الرند  ( دكتور احمد وكيلهم)واعطاء الكارت وشرح تفاصيل عملنا', '07807060588 رقم الصي', '', NULL, 'مؤسسة فردية', '', '', 'نفق الشرطة مقابل مطعم friends', 33.30678751, 44.32196814, '620-25, محلة 620, حي حطين, ناحية المنصور, قضاء الکرخ, بغداد, بلدية المنصور, محافظة بغداد, 10035, العراق', 'pending', NULL, NULL, '2026-03-07 11:18:44'),
(70, 1, 'بناية دار الطب', 'صيدلية جنة الزيتون( وكيلهم)', '07901337853 صاحب الص', '', NULL, 'مؤسسة فردية', '', '', 'خدمي نفق الشرطة مقابل بركس للابواب', 33.37984015, 44.34999293, '415-25, محلة 415, الكاظمية, بغداد, ناحية مرکز قضاء الکاظمية, قضاء الکاظمية, محافظة بغداد, 10054, العراق', 'pending', NULL, NULL, '2026-03-07 11:25:03'),
(71, 1, 'بناية الحمراء', 'ابو دانيا ( وكيل البناية)', '‭٠٧٩٠ ١٨٠ ٣٣٨٦‬', '', NULL, 'مؤسسة فردية', '', '', 'نفق الشرطة فرع مطعم viking burger', 33.30442364, 44.32201815, '620-4, محلة 620, حي حطين, ناحية المنصور, قضاء الکرخ, بغداد, بلدية المنصور, محافظة بغداد, 10015, العراق', 'pending', NULL, NULL, '2026-03-07 11:52:02'),
(72, 1, 'بناية بدون اسم ( قريبا يتم تسميتها)', 'حيدر (صاحب البناية)', '+964 770 777 3356', '', NULL, 'مؤسسة فردية', '', '', 'نفق الشرطة قرب مطعم ڤايكنك بركر', 33.30399842, 44.32200751, '620-4, محلة 620, حي حطين, ناحية المنصور, قضاء الکرخ, بغداد, بلدية المنصور, محافظة بغداد, 10015, العراق', 'pending', NULL, NULL, '2026-03-07 11:59:18');

-- --------------------------------------------------------

--
-- Table structure for table `client_categories`
--

CREATE TABLE `client_categories` (
  `id` int(11) NOT NULL,
  `name` varchar(200) NOT NULL,
  `created_at` timestamp NOT NULL DEFAULT current_timestamp()
) ENGINE=InnoDB DEFAULT CHARSET=utf8mb4 COLLATE=utf8mb4_unicode_ci;

-- --------------------------------------------------------

--
-- Table structure for table `company_types`
--

CREATE TABLE `company_types` (
  `id` int(11) NOT NULL,
  `name` varchar(200) NOT NULL,
  `created_at` timestamp NOT NULL DEFAULT current_timestamp()
) ENGINE=InnoDB DEFAULT CHARSET=utf8mb4 COLLATE=utf8mb4_unicode_ci;

--
-- Dumping data for table `company_types`
--

INSERT INTO `company_types` (`id`, `name`, `created_at`) VALUES
(1, 'شركة محدودة', '2026-02-09 10:51:56'),
(2, 'مؤسسة فردية', '2026-02-09 10:51:56'),
(3, 'شركة مساهمة', '2026-02-09 10:51:56'),
(4, 'شركة تضامنية', '2026-02-09 10:51:56'),
(5, 'فرع شركة أجنبية', '2026-02-09 10:51:56'),
(6, 'منظمة غير ربحية', '2026-02-09 10:51:56'),
(7, 'جهة حكومية', '2026-02-09 10:51:56');

-- --------------------------------------------------------

--
-- Table structure for table `notifications`
--

CREATE TABLE `notifications` (
  `id` int(11) NOT NULL,
  `user_id` int(11) NOT NULL,
  `user_type` enum('rep','admin') NOT NULL,
  `message` text NOT NULL,
  `link` varchar(500) DEFAULT NULL,
  `is_read` tinyint(1) DEFAULT 0,
  `created_at` timestamp NOT NULL DEFAULT current_timestamp()
) ENGINE=InnoDB DEFAULT CHARSET=utf8mb4 COLLATE=utf8mb4_unicode_ci;

--
-- Dumping data for table `notifications`
--

INSERT INTO `notifications` (`id`, `user_id`, `user_type`, `message`, `link`, `is_read`, `created_at`) VALUES
(1, 1, 'rep', 'تم تغيير حالة عرض \"استضافة موقع الكتروني\" (اضواء برج ايفل) إلى: مقبول', 'my_offers.php', 0, '2026-02-10 13:17:04');

-- --------------------------------------------------------

--
-- Table structure for table `offers`
--

CREATE TABLE `offers` (
  `id` int(11) NOT NULL,
  `rep_id` int(11) NOT NULL,
  `client_id` int(11) NOT NULL,
  `offer_title` varchar(300) NOT NULL,
  `offer_description` text DEFAULT NULL,
  `offer_amount` decimal(12,2) DEFAULT 0.00,
  `currency` enum('USD','IQD') DEFAULT 'USD',
  `notes` text DEFAULT NULL,
  `status` enum('pending','accepted','rejected','negotiation') DEFAULT 'pending',
  `created_at` timestamp NOT NULL DEFAULT current_timestamp()
) ENGINE=InnoDB DEFAULT CHARSET=utf8mb4 COLLATE=utf8mb4_unicode_ci;

--
-- Dumping data for table `offers`
--

INSERT INTO `offers` (`id`, `rep_id`, `client_id`, `offer_title`, `offer_description`, `offer_amount`, `currency`, `notes`, `status`, `created_at`) VALUES
(1, 1, 2, 'استضافة موقع الكتروني', 'fghfghdhdg', 2000.00, 'USD', '', 'accepted', '2026-02-10 13:14:59');

-- --------------------------------------------------------

--
-- Table structure for table `representatives`
--

CREATE TABLE `representatives` (
  `id` int(11) NOT NULL,
  `username` varchar(100) NOT NULL,
  `password` varchar(255) NOT NULL,
  `full_name` varchar(200) NOT NULL,
  `phone` varchar(20) DEFAULT NULL,
  `email` varchar(200) DEFAULT NULL,
  `is_active` tinyint(1) DEFAULT 1,
  `weekly_target` int(11) DEFAULT 8,
  `monthly_target` int(11) DEFAULT 40,
  `created_at` timestamp NOT NULL DEFAULT current_timestamp()
) ENGINE=InnoDB DEFAULT CHARSET=utf8mb4 COLLATE=utf8mb4_unicode_ci;

--
-- Dumping data for table `representatives`
--

INSERT INTO `representatives` (`id`, `username`, `password`, `full_name`, `phone`, `email`, `is_active`, `weekly_target`, `monthly_target`, `created_at`) VALUES
(1, 'saif', '$2y$10$rr/QJ2auDjprLkKTbBvEj.NJBanvhfEsIf1NrlWhg0h1PU9rAy1me', 'سيف علي محمود', '07714116620', '', 1, 8, 40, '2026-02-09 10:55:27'),
(2, 'gheed', '$2y$10$uRgE3S4hI3RzPOl6zKl5L.AeCn6ySy1E7t6tXeUSHCwsDmwuO5Poi', 'غيد ماجد طالب', '‪+964 786 630 3615‬', '', 1, 8, 40, '2026-02-09 11:10:11'),
(3, 'hayder', '$2y$10$yxC21lFXw1OiRzdOm.liUuKFmV64t.5fSIMaoAwxx2AmypcgFYbLu', 'حيدر', '07906113022', 'haydary1986@gmail.com', 1, 8, 40, '2026-02-09 11:48:58'),
(4, 'mustafa', '$2y$10$gbknrbEz7ugTRrkfkYszru40rBr9aVPLS7Qv.FIjTLI4wqb0d2jCK', 'mustafa', '07709773706', 'mustafa@gmail.com', 1, 8, 40, '2026-02-25 19:40:57');

-- --------------------------------------------------------

--
-- Table structure for table `settings`
--

CREATE TABLE `settings` (
  `setting_key` varchar(50) NOT NULL,
  `setting_value` text DEFAULT NULL
) ENGINE=InnoDB DEFAULT CHARSET=utf8mb4 COLLATE=utf8mb4_unicode_ci;

--
-- Dumping data for table `settings`
--

INSERT INTO `settings` (`setting_key`, `setting_value`) VALUES
('logo_path', ''),
('site_name', 'ALGO-NEST'),
('site_subtitle_admin', 'لوحة تحكم المدير'),
('site_subtitle_rep', 'لوحة المبيعات');

--
-- Indexes for dumped tables
--

--
-- Indexes for table `admins`
--
ALTER TABLE `admins`
  ADD PRIMARY KEY (`id`),
  ADD UNIQUE KEY `username` (`username`);

--
-- Indexes for table `clients`
--
ALTER TABLE `clients`
  ADD PRIMARY KEY (`id`),
  ADD KEY `rep_id` (`rep_id`),
  ADD KEY `category_id` (`category_id`);

--
-- Indexes for table `client_categories`
--
ALTER TABLE `client_categories`
  ADD PRIMARY KEY (`id`);

--
-- Indexes for table `company_types`
--
ALTER TABLE `company_types`
  ADD PRIMARY KEY (`id`);

--
-- Indexes for table `notifications`
--
ALTER TABLE `notifications`
  ADD PRIMARY KEY (`id`);

--
-- Indexes for table `offers`
--
ALTER TABLE `offers`
  ADD PRIMARY KEY (`id`),
  ADD KEY `rep_id` (`rep_id`),
  ADD KEY `client_id` (`client_id`);

--
-- Indexes for table `representatives`
--
ALTER TABLE `representatives`
  ADD PRIMARY KEY (`id`),
  ADD UNIQUE KEY `username` (`username`);

--
-- Indexes for table `settings`
--
ALTER TABLE `settings`
  ADD PRIMARY KEY (`setting_key`);

--
-- AUTO_INCREMENT for dumped tables
--

--
-- AUTO_INCREMENT for table `admins`
--
ALTER TABLE `admins`
  MODIFY `id` int(11) NOT NULL AUTO_INCREMENT, AUTO_INCREMENT=4;

--
-- AUTO_INCREMENT for table `clients`
--
ALTER TABLE `clients`
  MODIFY `id` int(11) NOT NULL AUTO_INCREMENT, AUTO_INCREMENT=73;

--
-- AUTO_INCREMENT for table `client_categories`
--
ALTER TABLE `client_categories`
  MODIFY `id` int(11) NOT NULL AUTO_INCREMENT;

--
-- AUTO_INCREMENT for table `company_types`
--
ALTER TABLE `company_types`
  MODIFY `id` int(11) NOT NULL AUTO_INCREMENT, AUTO_INCREMENT=8;

--
-- AUTO_INCREMENT for table `notifications`
--
ALTER TABLE `notifications`
  MODIFY `id` int(11) NOT NULL AUTO_INCREMENT, AUTO_INCREMENT=2;

--
-- AUTO_INCREMENT for table `offers`
--
ALTER TABLE `offers`
  MODIFY `id` int(11) NOT NULL AUTO_INCREMENT, AUTO_INCREMENT=2;

--
-- AUTO_INCREMENT for table `representatives`
--
ALTER TABLE `representatives`
  MODIFY `id` int(11) NOT NULL AUTO_INCREMENT, AUTO_INCREMENT=5;

--
-- Constraints for dumped tables
--

--
-- Constraints for table `clients`
--
ALTER TABLE `clients`
  ADD CONSTRAINT `clients_ibfk_1` FOREIGN KEY (`rep_id`) REFERENCES `representatives` (`id`) ON DELETE CASCADE,
  ADD CONSTRAINT `clients_ibfk_2` FOREIGN KEY (`category_id`) REFERENCES `client_categories` (`id`) ON DELETE SET NULL;

--
-- Constraints for table `offers`
--
ALTER TABLE `offers`
  ADD CONSTRAINT `offers_ibfk_1` FOREIGN KEY (`rep_id`) REFERENCES `representatives` (`id`) ON DELETE CASCADE,
  ADD CONSTRAINT `offers_ibfk_2` FOREIGN KEY (`client_id`) REFERENCES `clients` (`id`) ON DELETE CASCADE;
COMMIT;

/*!40101 SET CHARACTER_SET_CLIENT=@OLD_CHARACTER_SET_CLIENT */;
/*!40101 SET CHARACTER_SET_RESULTS=@OLD_CHARACTER_SET_RESULTS */;
/*!40101 SET COLLATION_CONNECTION=@OLD_COLLATION_CONNECTION */;
